<?xml version="1.0" encoding="utf-8"?>
<code_event_listeners>
  <listener event_id="app_pub_render_page" execute_order="10" callback_class="ThemeHouse\UIX\Listener\AppPubRenderPage" callback_method="appPubRenderPage" active="1"/>
  <listener event_id="app_setup" execute_order="10" callback_class="ThemeHouse\UIX\Listener\AppSetup" callback_method="appSetup" active="1"/>
  <listener event_id="entity_structure" execute_order="10" callback_class="ThemeHouse\UIX\Listener\EntityStructure" callback_method="xfNotice" active="1" hint="XF\Entity\Notice" description="XF\Entity\Notice"/>
  <listener event_id="entity_structure" execute_order="10" callback_class="ThemeHouse\UIX\Listener\EntityStructure" callback_method="xfStyle" active="1" hint="XF\Entity\Style" description="XF\Entity\Style"/>
  <listener event_id="entity_structure" execute_order="10" callback_class="ThemeHouse\UIX\Listener\EntityStructure" callback_method="xfUserOption" active="1" hint="XF\Entity\UserOption" description="XF\Entity\UserOption"/>
  <listener event_id="templater_macro_pre_render" execute_order="10" callback_class="ThemeHouse\UIX\Listener\Admin\TemplaterMacroPreRender" callback_method="optionMacrosOptionFormBlock" active="1" hint="admin:option_macros:option_form_block" description="admin:option_macros:option_form_block"/>
  <listener event_id="templater_macro_pre_render" execute_order="10" callback_class="ThemeHouse\UIX\Listener\Pub\TemplaterMacroPreRender" callback_method="helperJsGlobalBody" active="1" hint="public:helper_js_global:body" description="public:helper_js_global:body"/>
  <listener event_id="templater_macro_pre_render" execute_order="10" callback_class="ThemeHouse\UIX\Listener\Pub\TemplaterMacroPreRender" callback_method="messageMacrosUserInfo" active="1" hint="public:message_macros:user_info" description="public:message_macros:user_info"/>
  <listener event_id="templater_setup" execute_order="10" callback_class="ThemeHouse\UIX\Listener\TemplaterSetup" callback_method="templaterSetup" active="1"/>
</code_event_listeners>
