<?xml version="1.0" encoding="utf-8"?>
<style title="Tactical - CS:GO" description="" user_selectable="1" export_version="2">
  <templates/>
  <properties>
    <property property_name="pageBackground" group_name="page" title="Page background" description="The page background, behind all block elements, uses the styling rules defined here" property_type="css" value_type="" depends_on="" value_group="" display_order="20200" css_components="background,extra" addon_id="XF">
      <value>{
    "background-color": "@xf-pageBg",
    "background-image": "@xf-uix_imagePath/tactical/background/csgo.jpg",
    "extra": "background-size: 100% auto;\noverflow-y: scroll;\nbackground-position: 50% 0;\nbackground-repeat: no-repeat;\nbackground-attachment: fixed;"
}</value>
    </property>
    <property property_name="paletteAccent1" group_name="palette" title="Accent 1" description="" property_type="value" value_type="color" depends_on="" value_group="accent" display_order="2000" addon_id="XF">
      <value_parameters>hidePalette=true</value_parameters>
      <value>"#5790d1"</value>
    </property>
    <property property_name="paletteAccent2" group_name="palette" title="Accent 2" description="" property_type="value" value_type="color" depends_on="" value_group="accent" display_order="2100" addon_id="XF">
      <value_parameters>hidePalette=true</value_parameters>
      <value>"#5790d1"</value>
    </property>
    <property property_name="paletteAccent3" group_name="palette" title="Accent 3" description="" property_type="value" value_type="color" depends_on="" value_group="accent" display_order="2200" addon_id="XF">
      <value_parameters>hidePalette=true</value_parameters>
      <value>"#f7a802"</value>
    </property>
  </properties>
</style>
