<?xml version="1.0" encoding="utf-8"?>
<style title="Tactical - Battlefield" description="" user_selectable="1" export_version="2">
  <templates/>
  <properties>
    <property property_name="pageBackground" group_name="page" title="Page background" description="The page background, behind all block elements, uses the styling rules defined here" property_type="css" value_type="" depends_on="" value_group="" display_order="20200" css_components="background,extra" addon_id="XF">
      <value>{
    "background-color": "@xf-pageBg",
    "background-image": "@xf-uix_imagePath/tactical/background/battlefield.jpg",
    "extra": "background-size: 100% auto;\nbackground-position: 50% 0;\nbackground-repeat: no-repeat;\nbackground-attachment: fixed;"
}</value>
    </property>
    <property property_name="publicLogoUrl" group_name="basic" title="Logo URL" description="" property_type="value" value_type="string" depends_on="" value_group="logo" display_order="100" addon_id="XF">
      <value>"@xf-uix_imagePath/tactical/battlefield.png"</value>
    </property>
    <property property_name="publicLogoUrl2x" group_name="basic" title="2x logo URL" description="" property_type="value" value_type="string" depends_on="" value_group="logo" display_order="200" addon_id="XF">
      <value>"@xf-uix_imagePath/tactical/battlefield.png"</value>
    </property>
    <property property_name="uix_logoSmall" group_name="basic" title="Logo small image path" description="If left blank, will default to main logo path" property_type="value" value_type="string" depends_on="" value_group="" display_order="500" addon_id="">
      <value>"@xf-uix_imagePath/tactical/battlefield.png"</value>
    </property>
  </properties>
</style>
