<?xml version="1.0" encoding="utf-8"?>
<style title="Tactical - Elder Scrolls" description="" user_selectable="1" export_version="2">
  <templates/>
  <properties>
    <property property_name="pageBackground" group_name="page" title="Page background" description="The page background, behind all block elements, uses the styling rules defined here" property_type="css" value_type="" depends_on="" value_group="" display_order="20200" css_components="background,extra" addon_id="XF">
      <value>{
    "background-color": "@xf-pageBg",
    "background-image": "@xf-uix_imagePath/tactical/background/elder-scrolls.jpg",
    "extra": "background-size: 100% auto;\noverflow-y: scroll;\nbackground-position: 50% 0;\nbackground-repeat: no-repeat;\nbackground-attachment: fixed;"
}</value>
    </property>
    <property property_name="paletteAccent1" group_name="palette" title="Accent 1" description="" property_type="value" value_type="color" depends_on="" value_group="accent" display_order="2000" addon_id="XF">
      <value_parameters>hidePalette=true</value_parameters>
      <value>"#60b0a5"</value>
    </property>
    <property property_name="paletteAccent2" group_name="palette" title="Accent 2" description="" property_type="value" value_type="color" depends_on="" value_group="accent" display_order="2100" addon_id="XF">
      <value_parameters>hidePalette=true</value_parameters>
      <value>"#60b0a5"</value>
    </property>
    <property property_name="paletteAccent3" group_name="palette" title="Accent 3" description="" property_type="value" value_type="color" depends_on="" value_group="accent" display_order="2200" addon_id="XF">
      <value_parameters>hidePalette=true</value_parameters>
      <value>"#6092b0"</value>
    </property>
    <property property_name="publicLogoUrl" group_name="basic" title="Logo URL" description="" property_type="value" value_type="string" depends_on="" value_group="logo" display_order="100" addon_id="XF">
      <value>"@xf-uix_imagePath/tactical/elder-scrolls.png"</value>
    </property>
    <property property_name="publicLogoUrl2x" group_name="basic" title="2x logo URL" description="" property_type="value" value_type="string" depends_on="" value_group="logo" display_order="200" addon_id="XF">
      <value>"@xf-uix_imagePath/tactical/elder-scrolls.png"</value>
    </property>
  </properties>
</style>
