<?xml version="1.0" encoding="utf-8"?>
<style title="Tactical - League of Legends" description="" user_selectable="1" export_version="2">
  <templates/>
  <properties>
    <property property_name="pageBackground" group_name="page" title="Page background" description="The page background, behind all block elements, uses the styling rules defined here" property_type="css" value_type="" depends_on="" value_group="" display_order="20200" css_components="background,extra" addon_id="XF">
      <value>{
    "background-color": "@xf-pageBg",
    "background-image": "@xf-uix_imagePath/tactical/background/lol.jpg",
    "extra": "background-size: 100% auto;\noverflow-y: scroll;\nbackground-position: 50% 0;\nbackground-repeat: no-repeat;\nbackground-attachment: fixed;"
}</value>
    </property>
    <property property_name="paletteAccent1" group_name="palette" title="Accent 1" description="" property_type="value" value_type="color" depends_on="" value_group="accent" display_order="2000" addon_id="XF">
      <value_parameters>hidePalette=true</value_parameters>
      <value>"#546ff8"</value>
    </property>
    <property property_name="paletteAccent2" group_name="palette" title="Accent 2" description="" property_type="value" value_type="color" depends_on="" value_group="accent" display_order="2100" addon_id="XF">
      <value_parameters>hidePalette=true</value_parameters>
      <value>"#546ff8"</value>
    </property>
    <property property_name="paletteAccent3" group_name="palette" title="Accent 3" description="" property_type="value" value_type="color" depends_on="" value_group="accent" display_order="2200" addon_id="XF">
      <value_parameters>hidePalette=true</value_parameters>
      <value>"#35c3ff"</value>
    </property>
    <property property_name="paletteColor1" group_name="palette" title="Color 1" description="" property_type="value" value_type="color" depends_on="" value_group="primary" display_order="1000" addon_id="XF">
      <value_parameters>hidePalette=true</value_parameters>
      <value>"#1c0a30"</value>
    </property>
    <property property_name="paletteColor2" group_name="palette" title="Color 2" description="" property_type="value" value_type="color" depends_on="" value_group="primary" display_order="1100" addon_id="XF">
      <value_parameters>hidePalette=true</value_parameters>
      <value>"#1c0a30"</value>
    </property>
    <property property_name="paletteColor3" group_name="palette" title="Color 3" description="" property_type="value" value_type="color" depends_on="" value_group="primary" display_order="1200" addon_id="XF">
      <value_parameters>hidePalette=true</value_parameters>
      <value>"#200f39"</value>
    </property>
    <property property_name="paletteColor4" group_name="palette" title="Color 4" description="" property_type="value" value_type="color" depends_on="" value_group="primary" display_order="1300" addon_id="XF">
      <value_parameters>hidePalette=true</value_parameters>
      <value>"#2d1748"</value>
    </property>
    <property property_name="paletteColor5" group_name="palette" title="Color 5" description="" property_type="value" value_type="color" depends_on="" value_group="primary" display_order="1400" addon_id="XF">
      <value_parameters>hidePalette=true</value_parameters>
      <value>"#230f39"</value>
    </property>
    <property property_name="paletteNeutral1" group_name="palette" title="Neutral 1" description="" property_type="value" value_type="color" depends_on="" value_group="neutral" display_order="3000" addon_id="XF">
      <value_parameters>hidePalette=true</value_parameters>
      <value>"xf-intensify(@xf-paletteColor2, 75%)"</value>
    </property>
    <property property_name="paletteNeutral2" group_name="palette" title="Neutral 2" description="" property_type="value" value_type="color" depends_on="" value_group="neutral" display_order="3100" addon_id="XF">
      <value_parameters>hidePalette=true</value_parameters>
      <value>"xf-intensify(@xf-paletteColor2, 85%)"</value>
    </property>
    <property property_name="paletteNeutral3" group_name="palette" title="Neutral 3" description="" property_type="value" value_type="color" depends_on="" value_group="neutral" display_order="3200" addon_id="XF">
      <value_parameters>hidePalette=true</value_parameters>
      <value>"xf-intensify(@xf-paletteColor2, 90%)"</value>
    </property>
  </properties>
</style>
