<?xml version="1.0" encoding="utf-8"?>
<style title="Tactical - World of Warcraft" description="" user_selectable="1" export_version="2">
  <templates>
    <template title="tactical_wow.less" type="public" addon_id="" version_id="0" version_string=""><![CDATA[.uix_categoryStrip-content .uix_categoryTitle:after {
	background: @xf-textColor;
}]]></template>
  </templates>
  <properties>
    <property property_name="blockTabHeader" group_name="block" title="Block tab header" description="Occasionally, blocks will have multi-part, tab headers, styled with these settings" property_type="css" value_type="" depends_on="" value_group="" display_order="20200" css_components="text,background,border,extra" addon_id="XF">
      <value>{
    "font-size": "@xf-fontSizeNormal",
    "color": "@xf-textColorMuted",
    "background-color": "@xf-contentHighlightBg",
    "border-bottom-width": "1px",
    "border-bottom-color": "@xf-borderColor"
}</value>
    </property>
    <property property_name="borderColor" group_name="color" title="Border color" description="" property_type="value" value_type="color" depends_on="" value_group="borderBasic" display_order="4000" addon_id="XF">
      <value>"#d3dae2"</value>
    </property>
    <property property_name="contentAccentBg" group_name="color" title="Accented content background color" description="" property_type="value" value_type="color" depends_on="" value_group="contentBg" display_order="2300" addon_id="XF">
      <value>"@xf-paletteColor4"</value>
    </property>
    <property property_name="contentAltBg" group_name="color" title="Alternate content background color" description="" property_type="value" value_type="color" depends_on="" value_group="contentBg" display_order="2100" addon_id="XF">
      <value>"@xf-paletteColor2"</value>
    </property>
    <property property_name="contentBg" group_name="color" title="Content background color" description="" property_type="value" value_type="color" depends_on="" value_group="contentBg" display_order="2000" addon_id="XF">
      <value>"@xf-paletteColor1"</value>
    </property>
    <property property_name="contentHighlightBg" group_name="color" title="Highlighted content background color" description="" property_type="value" value_type="color" depends_on="" value_group="contentBg" display_order="2200" addon_id="XF">
      <value>"@xf-paletteColor3"</value>
    </property>
    <property property_name="pageBackground" group_name="page" title="Page background" description="The page background, behind all block elements, uses the styling rules defined here" property_type="css" value_type="" depends_on="" value_group="" display_order="20200" css_components="background,extra" addon_id="XF">
      <value>{
    "background-color": "@xf-pageBg",
    "background-image": "@xf-uix_imagePath/tactical/background/wow.jpg",
    "extra": "background-size: 100% auto;\noverflow-y: scroll;\nbackground-position: 50% 0;\nbackground-repeat: no-repeat;\nbackground-attachment: fixed;"
}</value>
    </property>
    <property property_name="pageBg" group_name="color" title="Page background color" description="" property_type="value" value_type="color" depends_on="" value_group="contentBg" display_order="2000" addon_id="XF">
      <value>"#2c537b"</value>
    </property>
    <property property_name="paletteAccent1" group_name="palette" title="Accent 1" description="" property_type="value" value_type="color" depends_on="" value_group="accent" display_order="2000" addon_id="XF">
      <value_parameters>hidePalette=true</value_parameters>
      <value>"#1887bf"</value>
    </property>
    <property property_name="paletteAccent2" group_name="palette" title="Accent 2" description="" property_type="value" value_type="color" depends_on="" value_group="accent" display_order="2100" addon_id="XF">
      <value_parameters>hidePalette=true</value_parameters>
      <value>"rgb(18, 114, 162)"</value>
    </property>
    <property property_name="paletteAccent3" group_name="palette" title="Accent 3" description="" property_type="value" value_type="color" depends_on="" value_group="accent" display_order="2200" addon_id="XF">
      <value_parameters>hidePalette=true</value_parameters>
      <value>"#294974"</value>
    </property>
    <property property_name="paletteColor1" group_name="palette" title="Color 1" description="" property_type="value" value_type="color" depends_on="" value_group="primary" display_order="1000" addon_id="XF">
      <value_parameters>hidePalette=true</value_parameters>
      <value>"#fafbfd"</value>
    </property>
    <property property_name="paletteColor2" group_name="palette" title="Color 2" description="" property_type="value" value_type="color" depends_on="" value_group="primary" display_order="1100" addon_id="XF">
      <value_parameters>hidePalette=true</value_parameters>
      <value>"#eaedef"</value>
    </property>
    <property property_name="paletteColor3" group_name="palette" title="Color 3" description="" property_type="value" value_type="color" depends_on="" value_group="primary" display_order="1200" addon_id="XF">
      <value_parameters>hidePalette=true</value_parameters>
      <value>"#dde6eb"</value>
    </property>
    <property property_name="paletteColor4" group_name="palette" title="Color 4" description="" property_type="value" value_type="color" depends_on="" value_group="primary" display_order="1300" addon_id="XF">
      <value_parameters>hidePalette=true</value_parameters>
      <value>"#3f4d58"</value>
    </property>
    <property property_name="paletteColor5" group_name="palette" title="Color 5" description="" property_type="value" value_type="color" depends_on="" value_group="primary" display_order="1400" addon_id="XF">
      <value_parameters>hidePalette=true</value_parameters>
      <value>"#21272a"</value>
    </property>
    <property property_name="publicFooterLink" group_name="footer" title="Footer links" description="Controls styling for individual links within the footer" property_type="css" value_type="" depends_on="" value_group="" display_order="20100" css_components="text,extra" addon_id="XF">
      <value>{
    "font-size": "16px",
    "color": "#fff",
    "font-weight": "@xf-fontWeightHeavy",
    "extra": "text-transform: uppercase;\nfont-family: @xf-uix_headingFont;"
}</value>
    </property>
    <property property_name="publicStaffBar" group_name="headerNav" title="Staff tools bar" description="" property_type="css" value_type="" depends_on="" value_group="" display_order="20700" css_components="text,background,border,extra" addon_id="XF">
      <value>{
    "font-size": "18px",
    "color": "#fff",
    "background-color": "@xf-uix_secondaryColor",
    "extra": "margin-top: @xf-elementSpacer;\nfont-family: @xf-uix_headingFont;\ntext-transform: uppercase;"
}</value>
    </property>
    <property property_name="standaloneTab" group_name="tab" title="Standalone tabs" description="Tabs that are not part of block headers are styled here" property_type="css" value_type="" depends_on="" value_group="" display_order="20000" css_components="text,background,extra" addon_id="XF">
      <value>{
    "font-size": "@xf-fontSizeNormal",
    "color": "@xf-textColorDimmed",
    "background-color": "@xf-contentAltBg",
    "extra": "border-bottom: 1px solid @xf-borderColor;\nfont-weight: @xf-fontWeightHeavy;\ntext-transform: uppercase;"
}</value>
    </property>
    <property property_name="styleType" group_name="palette" title="Style type" description="This defines the general type of style in use based on whether the content is placed on a light or dark background. This may change how colors are selected in certain scenarios." property_type="value" value_type="radio" depends_on="" value_group="setup" display_order="100" addon_id="XF">
      <value_parameters>light={{ phrase('light') }}
dark={{ phrase('dark') }}</value_parameters>
      <value>"light"</value>
    </property>
    <property property_name="uix_additionalCss" group_name="uix_globalSettings" title="List of additional css templates to include" description="A comma separated list of additional CSS/less templates to load. Requires the .css or .less suffix" property_type="value" value_type="string" depends_on="" value_group="" display_order="400" addon_id="">
      <value>"public:tactical.less,public:tactical_wow.less"</value>
    </property>
    <property property_name="uix_contentWrapperStyle" group_name="page" title="Content Wrapper" description="" property_type="css" value_type="" depends_on="" value_group="" display_order="0" css_components="background,border,extra" addon_id="">
      <value>{
    "background-color": "#fff",
    "border-color": "@xf-borderColor",
    "border-top-width": "0",
    "border-right-width": "@xf-borderSize",
    "border-left-width": "@xf-borderSize"
}</value>
    </property>
    <property property_name="uix_extendedFooterStyle" group_name="footer" title="Extended Footer" description="" property_type="css" value_type="" depends_on="" value_group="" display_order="0" css_components="text,background,border,border_radius,padding,extra" addon_id="">
      <value>{
    "background-color": "#fff",
    "border-top-color": "@xf-borderColor",
    "padding-top": "@xf-paddingLargest * 2",
    "padding-bottom": "@xf-paddingLargest * 2"
}</value>
    </property>
    <property property_name="uix_footerCopyrightRow" group_name="footer" title="Footer copyright row" description="" property_type="css" value_type="" depends_on="" value_group="" display_order="0" css_components="text,background,border,padding,extra" addon_id="">
      <value>{
    "color": "@xf-textColorDimmed",
    "background-color": "#fff",
    "border-top-color": "@xf-borderColor",
    "padding-top": "@xf-paddingLarge",
    "padding-bottom": "@xf-paddingLarge"
}</value>
    </property>
    <property property_name="uix_imagePath" group_name="basic" title="Image path" description="Sets the path to images for the theme." property_type="value" value_type="string" depends_on="" value_group="" display_order="0" addon_id="">
      <value>"styles/tactical"</value>
    </property>
    <property property_name="uix_messageControl" group_name="message" title="Message control" description="Styles the message actions such as reply and report" property_type="css" value_type="" depends_on="" value_group="" display_order="20050" css_components="text,background,border,padding,extra" addon_id="">
      <value>{
    "color": "#fff",
    "border-width": "1px",
    "border-right-color": "rgba(0,0,0, .20)",
    "border-bottom-color": "rgba(0,0,0, .20)",
    "border-left-color": "rgba(255,255,255,.1);",
    "padding-right": "@xf-paddingMedium",
    "padding-left": "@xf-paddingMedium",
    "extra": "height: 40px;\ndisplay: inline-flex;\nalign-items: center;\nfloat: left;\nmargin: 0;\ntext-transform: uppercase;"
}</value>
    </property>
    <property property_name="uix_messageControlHover" group_name="message" title="Message control (hover)" description="" property_type="css" value_type="" depends_on="" value_group="" display_order="20060" css_components="text,background,border,padding,extra" addon_id="">
      <value>{
    "color": "#fff",
    "background-color": "xf-intensify(@xf-uix_secondaryColor, 3%)",
    "extra": "text-decoration: none;"
}</value>
    </property>
    <property property_name="uix_pageWrapper" group_name="page" title="Page Wrapper" description="" property_type="css" value_type="" depends_on="" value_group="" display_order="0" css_components="background,border,border_radius,border_width_simple,border_color_simple,border_radius_simple,extra" addon_id="">
      <value>{
    "background-color": "#fff",
    "border-width": "@xf-borderSize",
    "border-color": "@xf-borderColor",
    "border-radius": "@xf-borderRadiusMedium",
    "extra": "margin-bottom: 0;"
}</value>
    </property>
    <property property_name="uix_searchBar" group_name="uix_search" title="Search Bar" description="" property_type="css" value_type="" depends_on="" value_group="" display_order="0" css_components="text,background,border,border_radius,border_width_simple,border_color_simple,border_radius_simple,padding,extra" addon_id="">
      <value>{
    "background-color": "@xf-contentBg",
    "border-width": "1px",
    "border-color": "@xf-borderColor",
    "border-radius": "3px"
}</value>
    </property>
    <property property_name="uix_searchBarPlaceholderColor" group_name="uix_search" title="Search bar placeholder color" description="" property_type="value" value_type="color" depends_on="" value_group="" display_order="0" addon_id="">
      <value>"@xf-textColorMuted"</value>
    </property>
    <property property_name="uix_searchIcon" group_name="uix_search" title="Search icon" description="Styles the search icon" property_type="css" value_type="" depends_on="" value_group="" display_order="0" css_components="text,background,padding,extra" addon_id="">
      <value>{
    "font-size": "@xf-uix_iconSizeLarge",
    "color": "@xf-textColorMuted",
    "padding": "@xf-paddingMedium",
    "padding-right": "0"
}</value>
    </property>
    <property property_name="uix_sectionBg" group_name="color" title="Section background" description="" property_type="value" value_type="color" depends_on="" value_group="" display_order="2400" addon_id="">
      <value>"@xf-paletteColor4"</value>
    </property>
    <property property_name="uix_sidebarWidgetWrapper" group_name="uix_sidebar" title="Sidebar widget wrapper" description="Styles the side widget block-container" property_type="css" value_type="" depends_on="" value_group="" display_order="0" css_components="text,background,border,border_radius,border_width_simple,border_color_simple,border_radius_simple,padding,extra" addon_id="">
      <value>{
    "background-color": "fade(@xf-contentBg, 85%)",
    "border-width": "0",
    "border-color": "@xf-borderColor"
}</value>
    </property>
  </properties>
</style>
